rank,university,slug,country,city,region,score,year
1,Massachusetts Institute of Technology (MIT),massachusetts-institute-of-technology-mit,United States of America,Cambridge,Other,100,2025
2,Imperial College London,imperial-college-london,United Kingdom,London,Europe,99.4,2025
3,Stanford University,stanford-university,United States of America,Santa Clara County,Other,98.9,2025
4,University of Oxford,university-of-oxford,United Kingdom,Oxford,Europe,97.9,2025
5,Harvard University,harvard-university,United States of America,Cambridge,Other,97.7,2025
6,University of Cambridge,university-of-cambridge,United Kingdom,Cambridge,Europe,97.2,2025
7,ETH Zurich (Swiss Federal Institute of Technology),eth-zurich-swiss-federal-institute-of-technology,Switzerland,Zürich,Europe,96.7,2025
8,National University of Singapore (NUS),national-university-of-singapore-nus,Singapore,Singapore,Asia,95.9,2025
9,UCL (University College London),ucl-university-college-london,United Kingdom,London,Europe,95.8,2025
10,California Institute of Technology (Caltech),california-institute-of-technology-caltech,United States of America,Pasadena,Other,94.3,2025
11,The University of Hong Kong,the-university-of-hong-kong,"Hong Kong SAR, China",香港島 Hong Kong Island,Other,94.2,2025
12,"Nanyang Technological University, Singapore (NTU Singapore)",nanyang-technological-university-singapore-ntu-singapore,Singapore,Singapore,Asia,93.7,2025
13,University of Chicago,university-of-chicago,United States of America,Chicago,Other,93,2025
14,Peking University,peking-university,China (Mainland),昌平区,Other,92.6,2025
15,University of Pennsylvania,university-of-pennsylvania,United States of America,Philadelphia,Other,92.5,2025
16,Cornell University,cornell-university,United States of America,Cornell,Other,91.6,2025
17,"University of California, Berkeley (UCB)",university-of-california-berkeley-ucb,United States of America,Berkeley,Other,91.2,2025
17,Tsinghua University,tsinghua-university,China (Mainland),海淀区,Other,91.2,2025
19,The University of Melbourne,the-university-of-melbourne,Australia,Melbourne,Oceania,90.8,2025
20,The University of New South Wales,the-university-of-new-south-wales,Australia,Sydney,Oceania,90.7,2025
21,Yale University,yale-university,United States of America,West Haven,Other,90.4,2025
22,École Polytechnique Fédérale de Lausanne,ecole-polytechnique-federale-de-lausanne,Switzerland,Ecublens,Europe,90.2,2025
22,Technical University of Munich,technical-university-of-munich,Germany,Garching bei München,Europe,90.2,2025
24,Johns Hopkins University,johns-hopkins-university,United States of America,Baltimore,Other,89.7,2025
25,Princeton University,princeton-university,United States of America,Princeton,Other,89.4,2025
25,The University of Sydney,the-university-of-sydney,Australia,Sydney,Oceania,89.4,2025
27,McGill University,mcgill-university,Canada,Montréal,North America,88.9,2025
28,PSL University,psl-university,France,Paris,Europe,88.6,2025
29,University of Toronto,university-of-toronto,Canada,Toronto,North America,88.5,2025
30,Fudan University,fudan-university,China (Mainland),杨浦区,Other,88.4,2025
31,King's College London (KCL),kings-college-london-kcl,United Kingdom,London,Europe,88.3,2025
32,Australian National University,australian-national-university,Australia,South Canberra,Oceania,87.4,2025
32,The Chinese University of Hong Kong,the-chinese-university-of-hong-kong,"Hong Kong SAR, China",沙田區 Sha Tin District,Other,87.4,2025
34,University of Edinburgh,university-of-edinburgh,United Kingdom,City of Edinburgh,Europe,87.2,2025
35,The University of Manchester,the-university-of-manchester,United Kingdom,Blackpool,Europe,86.4,2025
36,Monash University,monash-university,Australia,District of Tuggeranong,Oceania,85.8,2025
36,The University of Tokyo,the-university-of-tokyo,Japan,足立区,Asia,85.8,2025
38,Columbia University,columbia-university,United States of America,Columbia,Other,85.6,2025
38,Seoul National University,seoul-national-university,Republic of Korea,서울특별시,Other,85.6,2025
40,University of British Columbia,university-of-british-columbia,Canada,Electoral Area A,North America,85.5,2025
41,Institut Polytechnique de Paris,institut-polytechnique-de-paris,France,Palaiseau,Europe,85.4,2025
42,Northwestern University,northwestern-university,United States of America,Evanston,Other,85.1,2025
42,The University of Queensland,the-university-of-queensland,Australia,Brisbane,Oceania,85.1,2025
44,The Hong Kong University of Science and Technology,the-hong-kong-university-of-science-and-technology,"Hong Kong SAR, China",Hong Kong,Other,84.8,2025
45,University of Michigan-Ann Arbor,university-of-michigan-ann-arbor,United States of America,Ann Arbor,Other,84.7,2025
46,"University of California, Los Angeles (UCLA)",university-of-california-los-angeles-ucla,United States of America,Los Angeles,Other,84.4,2025
47,Delft University of Technology,delft-university-of-technology,Netherlands,Delft,Europe,84.3,2025
47,Shanghai Jiao Tong University,shanghai-jiao-tong-university,China (Mainland),徐汇区,Other,84.3,2025
49,Zhejiang University,zhejiang-university,China (Mainland),海宁市,Other,84,2025
50,Yonsei University,yonsei-university,Republic of Korea,서울특별시,Other,82.9,2025
51,University of Bristol,university-of-bristol,United Kingdom,Bristol,Europe,82.5,2025
52,Carnegie Mellon University,carnegie-mellon-university,United States of America,Pittsburgh,Other,82.3,2025
53,The University of Amsterdam,the-university-of-amsterdam,Netherlands,Amsterdam,Europe,81.5,2025
54,The Hong Kong Polytechnic University,the-hong-kong-polytechnic-university,"Hong Kong SAR, China",九龍 Kowloon,Other,81.2,2025
55,New York University (NYU),new-york-university-nyu,United States of America,City of New York,Other,81.1,2025
56,London School of Economics and Political Science (LSE),london-school-of-economics-and-political-science-lse,United Kingdom,London,Europe,80.5,2025
57,Kyoto University,kyoto-university,Japan,京都市,Asia,80.2,2025
58,Ludwig-Maximilians-Universität München,ludwig-maximilians-universitat-munchen,Germany,München,Europe,80.1,2025
58,Universiti Malaya (UM),universiti-malaya-um,Malaysia,Kuala Lumpur,Asia,80.1,2025
60,KU Leuven,ku-leuven,Belgium,Kortrijk,Europe,79.7,2025
61,Korea University,korea-university,Republic of Korea,세종특별자치시,Other,79.6,2025
62,Duke University,duke-university,United States of America,Phelps County,Other,79,2025
63,City University of Hong Kong,city-university-of-hong-kong,"Hong Kong SAR, China",九龍 Kowloon,Other,78.9,2025
63,National Taiwan University (NTU),national-taiwan-university-ntu,Taiwan,臺北市,Asia,78.9,2025
65,The University of Auckland,the-university-of-auckland,New Zealand,Maungakiekie-Tāmaki,Oceania,77.5,2025
66,"University of California, San Diego (UCSD)",university-of-california-san-diego-ucsd,United States of America,San Diego,Other,76.9,2025
67,King Fahd University of Petroleum & Minerals,king-fahd-university-of-petroleum-minerals,Saudi Arabia,الظهران,Asia,76.5,2025
68,University of Texas at Austin,university-of-texas-at-austin,United States of America,Austin,Other,76.4,2025
69,Brown University,brown-university,United States of America,Brown County,Other,76.2,2025
70,Université Paris-Saclay,universite-paris-saclay,France,Orsay,Europe,75.9,2025
70,University of Illinois at Urbana-Champaign,university-of-illinois-at-urbana-champaign,United States of America,Urbana,Other,75.9,2025
72,Lund University,lund-university,Sweden,Lund,Europe,75.7,2025
72,Sorbonne University (merged from Paris IV & UPMC),sorbonne-university-merged-from-paris-iv-upmc,France,Paris,Europe,75.7,2025
74,The University of Warwick,the-university-of-warwick,United Kingdom,East Suffolk,Europe,75.2,2025
75,"Trinity College Dublin, The University of Dublin",trinity-college-dublin-the-university-of-dublin,Ireland,Dublin,Europe,73.9,2025
76,University of Birmingham,university-of-birmingham,United Kingdom,Birmingham,Europe,73.8,2025
77,The University of Western Australia,the-university-of-western-australia,Australia,City of Stirling,Oceania,73.7,2025
78,KTH Royal Institute of Technology,kth-royal-institute-of-technology,Sweden,Södertälje,Europe,73.6,2025
79,University of Glasgow,university-of-glasgow,United Kingdom,Glasgow,Europe,73.4,2025
80,Ruprecht-Karls-Universität Heidelberg,ruprecht-karls-universitat-heidelberg,Germany,Heidelberg,Europe,73,2025
81,University of Washington,university-of-washington,United States of America,Washington,Other,72.7,2025
82,Adelaide University,adelaide-university,Australia,Adelaide,Oceania,72.6,2025
82,Pennsylvania State University,pennsylvania-state-university,United States of America,College Township,Other,72.6,2025
84,Universidad de Buenos Aires,universidad-de-buenos-aires,Argentina,Los Polvorines,Latin America,72.3,2025
85,Tokyo Institute of Technology,tokyo-institute-of-technology,Japan,目黒区,Asia,72.1,2025
86,University of Leeds,university-of-leeds,United Kingdom,Leeds,Europe,72,2025
87,University of Southampton,university-of-southampton,United Kingdom,Southampton,Europe,71.2,2025
88,Boston University,boston-university,United States of America,Boston,Other,71.1,2025
88,Freie Universität Berlin,freie-universitat-berlin,Germany,Berlin,Europe,71.1,2025
88,Purdue University,purdue-university,United States of America,West Lafayette,Other,71.1,2025
91,The University of Osaka,the-university-of-osaka,Japan,大阪市,Asia,71,2025
92,The University of Sheffield,the-university-of-sheffield,United Kingdom,Sheffield,Europe,70.9,2025
93,Uppsala University,uppsala-university,Sweden,Uppsala,Europe,70.3,2025
94,Durham University,durham-university,United Kingdom,County Durham,Europe,70.1,2025
94,University of Alberta,university-of-alberta,Canada,Calgary,North America,70.1,2025
96,University of Technology Sydney,university-of-technology-sydney,Australia,Sydney,Oceania,69.9,2025
97,The University of Nottingham,the-university-of-nottingham,United Kingdom,High Peak,Europe,69.4,2025
98,Karlsruhe Institute of Technology (KIT),karlsruhe-institute-of-technology-kit,Germany,Ehingen (Donau),Europe,69.1,2025
98,Politecnico di Milano,politecnico-di-milano,Italy,Piacenza,Europe,69.1,2025
100,University of Zurich (UZH),university-of-zurich-uzh,Switzerland,Zürich,Europe,68.5,2025
101,University of Copenhagen,university-of-copenhagen,Denmark,København,Europe,68.4,2025
102,Pohang University of Science And Technology (POSTECH),pohang-university-of-science-and-technology-postech,Republic of Korea,포항시,Other,67.9,2025
103,Nanjing University,nanjing-university,China (Mainland),鼓楼区,Other,67.7,2025
103,Utrecht University,utrecht-university,Netherlands,Utrecht,Europe,67.7,2025
105,Lomonosov Moscow State University,lomonosov-moscow-state-university,Russian Federation,Москва,Other,67.6,2025
105,Rheinisch-Westfälische Technische Hochschule Aachen,rheinisch-westfalische-technische-hochschule-aachen,Germany,Aachen,Europe,67.6,2025
107,Technical University of Denmark,technical-university-of-denmark,Denmark,Kongens Lyngby,Europe,67.5,2025
108,Universidade de São Paulo (USP),universidade-de-sao-paulo-usp,Brazil,São Paulo,Latin America,67.3,2025
109,Tohoku University,tohoku-university,Japan,仙台市,Asia,66.7,2025
110,Queen Mary University of London (QMUL),queen-mary-university-of-london-qmul,United Kingdom,London,Europe,66.6,2025
110,University of Wisconsin-Madison,university-of-wisconsin-madison,United States of America,Shorewood Hills,Other,66.6,2025
112,Qatar University,qatar-university,Qatar,الدوحة,Other,66.5,2025
113,University of St Andrews,university-of-st-andrews,United Kingdom,St Andrews,Europe,66.4,2025
114,Aalto University,aalto-university,Finland,Espoo,Europe,66.3,2025
114,"University of California, Davis",university-of-california-davis,United States of America,Davis,Other,66.3,2025
116,Pontificia Universidad Católica de Chile,pontificia-universidad-catolica-de-chile,Chile,Provincia de Santiago,Latin America,66.1,2025
116,University of Helsinki,university-of-helsinki,Finland,Helsinki,Europe,66.1,2025
118,University College Dublin,university-college-dublin,Ireland,Dublin,Europe,66,2025
119,Leiden University,leiden-university,Netherlands,Leiden,Europe,65.7,2025
119,Rice University,rice-university,United States of America,Rice County,Other,65.7,2025
119,University of Oslo,university-of-oslo,Norway,Oslo,Europe,65.7,2025
119,University of Waterloo,university-of-waterloo,Canada,Waterloo,North America,65.7,2025
123,Georgia Institute of Technology,georgia-institute-of-technology,United States of America,Atlanta,Other,65.5,2025
123,Indian Institute of Technology Delhi (IITD),indian-institute-of-technology-delhi-iitd,India,Delhi,Asia,65.5,2025
125,RMIT University,rmit-university,Australia,Melbourne,Oceania,65.3,2025
126,Sungkyunkwan University,sungkyunkwan-university,Republic of Korea,서울특별시,Other,65.2,2025
126,Universiti Kebangsaan Malaysia (UKM),universiti-kebangsaan-malaysia-ukm,Malaysia,Majlis Perbandaran Kajang,Asia,65.2,2025
128,Sapienza University of Rome,sapienza-university-of-rome,Italy,Roma,Europe,64.9,2025
129,Indian Institute of Technology Bombay (IITB),indian-institute-of-technology-bombay-iitb,India,Mumbai,Asia,64.8,2025
130,Humboldt-Universität zu Berlin,humboldt-universitat-zu-berlin,Germany,Berlin,Europe,64.5,2025
131,Aarhus University,aarhus-university,Denmark,Aarhus,Europe,64.3,2025
132,University of Bath,university-of-bath,United Kingdom,Bath,Europe,64.2,2025
132,University of Science and Technology of China,university-of-science-and-technology-of-china,China (Mainland),Hefei,Other,64.2,2025
134,Universiti Putra Malaysia (UPM),universiti-putra-malaysia-upm,Malaysia,Sepang,Asia,64.1,2025
134,Universiti Sains Malaysia (USM),universiti-sains-malaysia-usm,Malaysia,George Town,Asia,64.1,2025
136,Universidad Nacional Autónoma de México (UNAM),universidad-nacional-autonoma-de-mexico-unam,Mexico,Ciudad de México,North America,64,2025
137,Newcastle University,newcastle-university,United Kingdom,Newcastle upon Tyne,Europe,63.9,2025
138,Alma Mater Studiorum - University of Bologna,alma-mater-studiorum-university-of-bologna,Italy,Bologna,Europe,63.3,2025
138,Macquarie University,macquarie-university,Australia,Huon Valley,Oceania,63.3,2025
140,Eindhoven University of Technology,eindhoven-university-of-technology,Netherlands,Eindhoven,Europe,63.2,2025
140,Erasmus University Rotterdam,erasmus-university-rotterdam,Netherlands,Rotterdam,Europe,63.2,2025
140,"University of North Carolina, Chapel Hill",university-of-north-carolina-chapel-hill,United States of America,Chapel Hill,Other,63.2,2025
143,King Saud University,king-saud-university,Saudi Arabia,الرياض,Asia,63.1,2025
144,Texas A&M University,texas-am-university,United States of America,College Station,Other,63,2025
145,Technische Universität Berlin,technische-universitat-berlin,Germany,Berlin,Europe,62.8,2025
146,University of Southern California,university-of-southern-california,United States of America,South Gate,Other,62.6,2025
147,Stockholm University,stockholm-university,Sweden,Stockholm,Europe,62.5,2025
147,University of Groningen,university-of-groningen,Netherlands,Groningen,Europe,62.5,2025
147,University of Liverpool,university-of-liverpool,United Kingdom,Liverpool,Europe,62.5,2025
150,University of Cape Town,university-of-cape-town,South Africa,Cape Town,Africa,62.3,2025
151,Western University,western-university,Canada,Sainte-Adèle,North America,62,2025
152,University of Vienna,university-of-vienna,Austria,Wien,Europe,61.9,2025
153,Universiti Teknologi Malaysia (UTM),universiti-teknologi-malaysia-utm,Malaysia,Iskandar Puteri,Asia,61.6,2025
153,Wageningen University & Research,wageningen-university-research,Netherlands,Wageningen,Europe,61.6,2025
155,University of Exeter,university-of-exeter,United Kingdom,Exeter,Europe,61.5,2025
155,University of Geneva,university-of-geneva,Switzerland,Genève,Europe,61.5,2025
157,Lancaster University,lancaster-university,United Kingdom,Lancaster,Europe,61.4,2025
158,University of Basel,university-of-basel,Switzerland,Basel,Europe,61.3,2025
159,Hanyang University,hanyang-university,Republic of Korea,서울특별시,Other,61.2,2025
160,University of Barcelona,university-of-barcelona,Spain,Barcelona,Europe,61,2025
161,Michigan State University,michigan-state-university,United States of America,East Lansing,Other,60.9,2025
162,Ghent University,ghent-university,Belgium,Gent,Europe,60.8,2025
163,King Abdul Aziz University (KAU),king-abdul-aziz-university-kau,Saudi Arabia,الدمام,Asia,60.7,2025
164,Nagoya University,nagoya-university,Japan,名古屋市,Asia,60.3,2025
165,Chalmers University of Technology,chalmers-university-of-technology,Sweden,Göteborg,Europe,60.2,2025
166,Al-Farabi Kazakh National University,al-farabi-kazakh-national-university,Kazakhstan,Алматы,Other,59.8,2025
167,Washington University in St. Louis,washington-university-in-st-louis,United States of America,Saint Louis,Other,59.6,2025
168,University of Montreal,university-of-montreal,Canada,Montréal,North America,59.5,2025
169,University of York,university-of-york,United Kingdom,York,Europe,59.4,2025
170,Hokkaido University,hokkaido-university,Japan,札幌市,Asia,59.3,2025
170,Kyushu University,kyushu-university,Japan,福岡市,Asia,59.3,2025
172,Universitat Autónoma de Barcelona,universitat-autonoma-de-barcelona,Spain,Cerdanyola del Vallès,Europe,59.2,2025
173,Arizona State University,arizona-state-university,United States of America,Tempe,Other,59.1,2025
173,McMaster University,mcmaster-university,Canada,Hamilton,North America,59.1,2025
173,Universidad de Chile,universidad-de-chile,Chile,Provincia de Santiago,Latin America,59.1,2025
176,National Tsing Hua University,national-tsing-hua-university,Taiwan,新竹市,Asia,59,2025
177,Khalifa University of Science and Technology,khalifa-university-of-science-and-technology,United Arab Emirates,Abu Dhabi,Asia,58.8,2025
177,Tongji University,tongji-university,China (Mainland),杨浦区,Other,58.8,2025
179,"University of California, Santa Barbara (UCSB)",university-of-california-santa-barbara-ucsb,United States of America,Goleta,Other,58.7,2025
180,Indian Institute of Technology Madras (IITM),indian-institute-of-technology-madras-iitm,India,Chennai Corporation,Asia,58.4,2025
181,Cardiff University,cardiff-university,United Kingdom,Cardiff,Europe,57.8,2025
182,Emory University,emory-university,United States of America,Emory,Other,57.7,2025
183,Curtin University,curtin-university,Australia,District of Woden Valley,Oceania,57.6,2025
184,University of Bern,university-of-bern,Switzerland,Bern,Europe,57.5,2025
184,University of Wollongong,university-of-wollongong,Australia,Wollongong City Council,Oceania,57.5,2025
186,Wuhan University,wuhan-university,China (Mainland),武昌区,Other,57.3,2025
187,Tecnológico de Monterrey (ITESM),tecnologico-de-monterrey-itesm,Mexico,Puerto Vallarta,North America,57.1,2025
187,University Complutense Madrid,university-complutense-madrid,Spain,Madrid,Europe,57.1,2025
189,UNIVERSITAS INDONESIA,universitas-indonesia,Indonesia,Depok,Asia,57,2025
190,Ohio State University,ohio-state-university,United States of America,Columbus,Other,56.9,2025
191,"Queen's University, Ontario",queens-university-ontario,Canada,Toronto,North America,56.8,2025
191,Université Catholique de Louvain (UCL),universite-catholique-de-louvain-ucl,Belgium,Saint-Gilles - Sint-Gillis,Europe,56.8,2025
193,Universität Hamburg,universitat-hamburg,Germany,Hamburg,Europe,56.5,2025
194,University of Reading,university-of-reading,United Kingdom,Reading,Europe,56.2,2025
194,Vrije Universiteit Amsterdam,vrije-universiteit-amsterdam,Netherlands,Amsterdam,Europe,56.2,2025
196,Waseda University,waseda-university,Japan,新宿区,Asia,56.1,2025
197,University of Otago,university-of-otago,New Zealand,Dunedin City,Oceania,55.8,2025
197,Vienna University of Technology,vienna-university-of-technology,Austria,Wien,Europe,55.8,2025
199,National Yang Ming Chiao Tung University,national-yang-ming-chiao-tung-university,Taiwan,新竹市,Asia,55.7,2025
199,Queen's University Belfast,queens-university-belfast,United Kingdom,Belfast,Europe,55.7,2025
201,Universität Freiburg,universitat-freiburg,Germany,Freiburg im Breisgau,Europe,55.6,2025
202,University of Gothenburg,university-of-gothenburg,Sweden,Göteborg,Europe,55.5,2025
203,National Cheng Kung University (NCKU),national-cheng-kung-university-ncku,Taiwan,臺南市,Asia,55.2,2025
203,University of Twente,university-of-twente,Netherlands,Enschede,Europe,55.2,2025
205,Ecole Normale Supérieure de Lyon,ecole-normale-superieure-de-lyon,France,Lyon,Europe,55.1,2025
206,Universidad Autónoma de Madrid,universidad-autonoma-de-madrid,Spain,Madrid,Europe,55,2025
207,Deakin University,deakin-university,Australia,Canberra,Oceania,54.9,2025
207,Rheinische Friedrich-Wilhelms-Universität Bonn,rheinische-friedrich-wilhelms-universitat-bonn,Germany,Bonn,Europe,54.9,2025
207,"University of Maryland, College Park",university-of-maryland-college-park,United States of America,College Park,Other,54.9,2025
210,University of Minnesota (System),university-of-minnesota-system,United States of America,Falcon Heights,Other,54.8,2025
211,University of Calgary,university-of-calgary,Canada,Calgary,North America,54.7,2025
212,Universidad de Los Andes Colombia,universidad-de-los-andes-colombia,Colombia,Bogotá,Latin America,54.6,2025
212,University of Florida,university-of-florida,United States of America,University,Other,54.6,2025
212,University of Lausanne,university-of-lausanne,Switzerland,Lausanne,Europe,54.6,2025
215,Eberhard Karls Universität Tübingen,eberhard-karls-universitat-tubingen,Germany,Tübingen,Europe,54.5,2025
215,Indian Institute of Technology Kharagpur (IITKGP),indian-institute-of-technology-kharagpur-iitkgp,India,Kharagpur,Asia,54.5,2025
215,Keio University,keio-university,Japan,新潟市,Asia,54.5,2025
218,Technische Universität Dresden,technische-universitat-dresden,Germany,Kreischa,Europe,54.3,2025
219,Indian Institute of Science (IISc) Bangalore,indian-institute-of-science-iisc-bangalore,India,Bengaluru,Asia,54.2,2025
219,University of Ottawa,university-of-ottawa,Canada,Ottawa,North America,54.2,2025
221,Chulalongkorn University,chulalongkorn-university,Thailand,กรุงเทพมหานคร,Asia,53.9,2025
222,Indian Institute of Technology Kanpur (IITK),indian-institute-of-technology-kanpur-iitk,India,कानपुर,Asia,53.7,2025
223,Tel Aviv University,tel-aviv-university,Israel,תל־אביב–יפו,Asia,53.6,2025
224,Universitas Gadjah Mada,universitas-gadjah-mada,Indonesia,Catur Tunggal,Asia,53.5,2025
225,Loughborough University,loughborough-university,United Kingdom,Charnwood,Europe,53.3,2025
226,Queensland University of Technology,queensland-university-of-technology,Australia,City of Brisbane,Oceania,53.2,2025
227,The University of Newcastle,the-university-of-newcastle,Australia,Einasleigh,Oceania,53.1,2025
227,Université Libre de Bruxelles (ULB),universite-libre-de-bruxelles-ulb,Belgium,Ixelles - Elsene,Europe,53.1,2025
229,United Arab Emirates University,united-arab-emirates-university,United Arab Emirates,عشارج,Asia,53,2025
230,Massey University,massey-university,New Zealand,Henderson-Massey,Oceania,52.9,2025
230,University of Lisbon,university-of-lisbon,Portugal,Lisboa,Europe,52.9,2025
232,Universität Erlangen-Nürnberg,universitat-erlangen-nurnberg,Germany,Nürnberg,Europe,52.2,2025
233,La Trobe University,la-trobe-university,Australia,Melbourne,Oceania,52.1,2025
233,Universidade Estadual de Campinas (Unicamp),universidade-estadual-de-campinas-unicamp,Brazil,Campinas,Latin America,52.1,2025
233,University of Padova,university-of-padova,Italy,Padova,Europe,52.1,2025
236,University of Rochester,university-of-rochester,United States of America,City of Rochester,Other,51.9,2025
237,American University of Beirut (AUB),american-university-of-beirut-aub,Lebanon,بيروت,Other,51.6,2025
237,University of Porto,university-of-porto,Portugal,Porto,Europe,51.6,2025
239,Maastricht University,maastricht-university,Netherlands,Maastricht,Europe,51.4,2025
240,Hebrew University of Jerusalem,hebrew-university-of-jerusalem,Israel,ירושלים,Asia,51.3,2025
240,Victoria University of Wellington,victoria-university-of-wellington,New Zealand,Sale,Oceania,51.3,2025
242,Politecnico di Torino,politecnico-di-torino,Italy,Torino,Europe,51.2,2025
243,Georg-August-Universität Göttingen,georg-august-universitat-gottingen,Germany,Göttingen,Europe,51.1,2025
244,Hamad Bin Khalifa University,hamad-bin-khalifa-university,Qatar,الدوحة,Other,50.9,2025
244,Hong Kong Baptist University,hong-kong-baptist-university,"Hong Kong SAR, China",沙田區 Sha Tin District,Other,50.9,2025
246,University College Cork,university-college-cork,Ireland,Cork,Europe,50.7,2025
247,Beijing Normal University,beijing-normal-university,China (Mainland),海淀区,Other,50.6,2025
247,Dartmouth College,dartmouth-college,United States of America,Norwich,Other,50.6,2025
247,"University of Massachusetts, Amherst",university-of-massachusetts-amherst,United States of America,Amherst,Other,50.6,2025
250,Vanderbilt University,vanderbilt-university,United States of America,Vanderbilt,Other,50.4,2025
251,Universiti Teknologi Petronas (UTP),universiti-teknologi-petronas-utp,Malaysia,Seri Iskandar,Asia,50.2,2025
251,University of Strathclyde,university-of-strathclyde,United Kingdom,Glasgow,Europe,50.2,2025
253,Technische Universität Darmstadt,technische-universitat-darmstadt,Germany,Darmstadt,Europe,50,2025
253,Taylor's University (Malaysia),taylors-university-malaysia,Malaysia,Majlis Bandaraya Subang Jaya,Asia,50,2025
255,Bandung Institute of Technology (ITB),bandung-institute-of-technology-itb,Indonesia,Kota Bandung,Asia,49.9,2025
256,Harbin Institute of Technology,harbin-institute-of-technology,China (Mainland),哈尔滨市,Other,49.8,2025
257,Tianjin University,tianjin-university,China (Mainland),和平区,Other,49.7,2025
257,Université Paris 1 Panthéon-Sorbonne,universite-paris-1-pantheon-sorbonne,France,Paris,Europe,49.7,2025
259,Beijing Institute of Technology,beijing-institute-of-technology,China (Mainland),海淀区,Other,49.5,2025
259,Universidad Nacional de Colombia,universidad-nacional-de-colombia,Colombia,Bogotá,Latin America,49.5,2025
261,University of Canterbury,university-of-canterbury,New Zealand,Christchurch,Oceania,49.4,2025
262,University of Aberdeen,university-of-aberdeen,United Kingdom,Aberdeen City,Europe,49.3,2025
262,University of Navarra,university-of-navarra,Spain,Cizur,Europe,49.3,2025
262,University of Surrey,university-of-surrey,United Kingdom,Surrey,Europe,49.3,2025
265,Charles University,charles-university,Czechia,Hlavní město Praha,Other,49,2025
265,Universitat Pompeu Fabra,universitat-pompeu-fabra,Spain,Barcelona,Europe,49,2025
267,Norwegian University of Science And Technology,norwegian-university-of-science-and-technology,Norway,Trondheim,Europe,48.9,2025
268,Griffith University,griffith-university,Australia,Griffith City Council,Oceania,48.7,2025
269,Middle East Technical University,middle-east-technical-university,Türkiye,Ankara,Other,48.5,2025
269,UCSI University,ucsi-university,Malaysia,Petaling Jaya,Asia,48.5,2025
271,University of Warsaw,university-of-warsaw,Poland,Warszawa,Europe,48.3,2025
272,American University of Sharjah (AUS),american-university-of-sharjah-aus,United Arab Emirates,مدينة الشارقة,Asia,48.2,2025
272,North Carolina State University,north-carolina-state-university,United States of America,Pender County,Other,48.2,2025
272,Universität zu Köln,universitat-zu-koln,Germany,Köln,Europe,48.2,2025
275,University of Virginia,university-of-virginia,United States of America,Charlottesville,Other,48.1,2025
276,Sun Yat-sen University,sun-yat-sen-university,China (Mainland),海珠区,Other,48,2025
276,University of Milan,university-of-milan,Italy,Milano,Europe,48,2025
278,University of Sussex,university-of-sussex,United Kingdom,Stanmer,Europe,47.9,2025
279,Radboud University Nijmegen,radboud-university-nijmegen,Netherlands,Nijmegen,Europe,47.6,2025
280,University of Antwerp,university-of-antwerp,Belgium,Antwerpen,Europe,47.4,2025
281,University of Pittsburgh,university-of-pittsburgh,United States of America,Pittsburgh,Other,47.3,2025
281,University of Waikato,university-of-waikato,New Zealand,Hamilton City,Oceania,47.3,2025
283,Dalhousie University,dalhousie-university,Canada,Paroisse de Dalhousie,North America,47.2,2025
284,University of Galway / Ollscoil na Gaillimhe,university-of-galway-ollscoil-na-gaillimhe,Ireland,Cathair na Gaillimhe,Europe,47.1,2025
285,Georgetown University,georgetown-university,United States of America,Georgetown,Other,47,2025
285,University of Macau,university-of-macau,"Macao SAR, China",澳門 Macau,Other,47,2025
287,Heriot-Watt University,heriot-watt-university,United Kingdom,City of Edinburgh,Europe,46.8,2025
287,Universitas Airlangga,universitas-airlangga,Indonesia,Surabaya,Asia,46.8,2025
287,University of Arizona,university-of-arizona,United States of America,Tucson,Other,46.8,2025
287,University of Bergen,university-of-bergen,Norway,Bergen,Europe,46.8,2025
291,University of The Witwatersrand,university-of-the-witwatersrand,South Africa,Johannesburg,Africa,46.4,2025
292,Swansea University,swansea-university,United Kingdom,Swansea,Europe,46.2,2025
293,"University of California, Irvine",university-of-california-irvine,United States of America,Irvine,Other,46.1,2025
294,Case Western Reserve University,case-western-reserve-university,United States of America,Cleveland,Other,46,2025
294,Swinburne University of Technology,swinburne-university-of-technology,Australia,Melbourne,Oceania,46,2025
294,University of Notre Dame,university-of-notre-dame,United States of America,Notre Dame,Other,46,2025
294,Vrije Universiteit Brussel (VUB),vrije-universiteit-brussel-vub,Belgium,Ixelles - Elsene,Europe,46,2025
298,Istanbul Technical University,istanbul-technical-university,Türkiye,Sarıyer,Other,45.8,2025
299,University of Colorado Boulder,university-of-colorado-boulder,United States of America,Boulder,Other,45.6,2025
300,Université Paris Cité,universite-paris-cite,France,Paris,Europe,45.5,2025
301,Universidad Carlos III de Madrid,universidad-carlos-iii-de-madrid,Spain,Getafe,Europe,45.4,2025
302,Stellenbosch University,stellenbosch-university,South Africa,Stellenbosch Local Municipality,Africa,45.2,2025
303,Jagiellonian University,jagiellonian-university,Poland,Kraków,Europe,45.1,2025
303,University of Southern Denmark,university-of-southern-denmark,Denmark,Kolding,Europe,45.1,2025
305,Xi'an Jiaotong University,xian-jiaotong-university,China (Mainland),碑林区,Other,45,2025
306,Aalborg University,aalborg-university,Denmark,Aalborg,Europe,44.9,2025
306,Indiana University Bloomington,indiana-university-bloomington,United States of America,Bloomington,Other,44.9,2025
308,Simon Fraser University,simon-fraser-university,Canada,Vancouver,North America,44.7,2025
308,University of Johannesburg,university-of-johannesburg,South Africa,Johannesburg,Africa,44.7,2025
310,"City St George’s, University of London",city-st-georges-university-of-london,United Kingdom,London,Europe,44.5,2025
310,Linköping University,linkoping-university,Sweden,Linköping,Europe,44.5,2025
310,Ulsan National Institute of Science and Technology,ulsan-national-institute-of-science-and-technology,Republic of Korea,울산광역시,Other,44.5,2025
310,Universität Stuttgart,universitat-stuttgart,Germany,Stuttgart,Europe,44.5,2025
314,University of Miami,university-of-miami,United States of America,Miami,Other,44.3,2025
314,University of Tasmania,university-of-tasmania,Australia,Hobart,Oceania,44.3,2025
316,Goethe Universität Frankfurt am Main,goethe-universitat-frankfurt-am-main,Germany,Frankfurt am Main,Europe,44,2025
317,L.N. Gumilyov Eurasian National University,ln-gumilyov-eurasian-national-university,Kazakhstan,Астана,Other,43.9,2025
317,Universidade Federal do Rio de Janeiro,universidade-federal-do-rio-de-janeiro,Brazil,Rio de Janeiro,Latin America,43.9,2025
319,Huazhong University of Science and Technology,huazhong-university-of-science-and-technology,China (Mainland),Wuhan,Other,43.8,2025
320,Bauman Moscow State Technical University,bauman-moscow-state-technical-university,Russian Federation,Moscow,Other,43.5,2025
321,Université Grenoble Alpes,universite-grenoble-alpes,France,Saint-Martin-d'Hères,Europe,43.4,2025
322,University of Tehran,university-of-tehran,Iran (Islamic Republic of),شهر تهران,Other,43.3,2025
323,Koc University,koc-university,Türkiye,İspir,Other,43.1,2025
324,Sichuan University,sichuan-university,China (Mainland),成都市,Other,43,2025
324,University of Jordan,university-of-jordan,Jordan,صويلح,Other,43,2025
326,University of Leicester,university-of-leicester,United Kingdom,Leicester,Europe,42.9,2025
327,Universidade Nova de Lisboa,universidade-nova-de-lisboa,Portugal,Lisboa,Europe,42.8,2025
328,Rutgers University – New Brunswick,rutgers-university-new-brunswick,United States of America,Piscataway Township,Other,42.6,2025
328,University of Delhi,university-of-delhi,India,Delhi,Asia,42.6,2025
328,University of Sharjah,university-of-sharjah,United Arab Emirates,مدينة الشارقة,Asia,42.6,2025
331,Kyung Hee University,kyung-hee-university,Republic of Korea,서울특별시,Other,42.5,2025
331,Satbayev University (previously Kazakh Technical University named after K.I. Satpaev),satbayev-university-previously-kazakh-technical-university-named-after-ki-satpaev,Kazakhstan,Сәтбаев Қ.Ә.,Other,42.5,2025
333,York University,york-university,Canada,York Region,North America,42.4,2025
334,Indian Institute of Technology Guwahati (IITG),indian-institute-of-technology-guwahati-iitg,India,North Guwahati (Pt),Asia,42.3,2025
334,Sultan Qaboos University,sultan-qaboos-university,Oman,ولاية بوشر,Other,42.3,2025
334,Tufts University,tufts-university,United States of America,Somerville,Other,42.3,2025
334,Universidad Politécnica de Madrid,universidad-politecnica-de-madrid,Spain,Madrid,Europe,42.3,2025
334,University of Illinois Chicago (UIC),university-of-illinois-chicago-uic,United States of America,Chicago,Other,42.3,2025
339,Indian Institute of Technology Roorkee (IITR),indian-institute-of-technology-roorkee-iitr,India,Roorkee,Asia,42.2,2025
339,Shandong University,shandong-university,China (Mainland),即墨区,Other,42.2,2025
341,Xiamen University,xiamen-university,China (Mainland),厦门市,Other,42.1,2025
342,University of Oulu,university-of-oulu,Finland,Oulu,Europe,42,2025
343,Southern University of Science and Technology (SUSTech),southern-university-of-science-and-technology-sustech,China (Mainland),Nansadi,Other,41.8,2025
343,University of Pisa,university-of-pisa,Italy,Pisa,Europe,41.8,2025
345,Pontificia Universidad Católica del Perú (PUCP),pontificia-universidad-catolica-del-peru-pucp,Peru,Lima,Latin America,41.7,2025
345,National Taiwan University of Science and Technology (Taiwan Tech),national-taiwan-university-of-science-and-technology-taiwan-tech,Taiwan,Taipei,Asia,41.7,2025
347,Cairo University,cairo-university,Egypt,القاهرة,Africa,41.6,2025
347,Tilburg University,tilburg-university,Netherlands,Tilburg,Europe,41.6,2025
347,University of Coimbra,university-of-coimbra,Portugal,Coimbra,Europe,41.6,2025
350,Technion - Israel Institute of Technology,technion-israel-institute-of-technology,Israel,חיפה,Asia,41.5,2025
350,Universität Innsbruck,universitat-innsbruck,Austria,Innsbruck,Europe,41.5,2025
350,University of Münster,university-of-munster,Germany,Münster,Europe,41.5,2025
350,University of Tsukuba,university-of-tsukuba,Japan,つくば市,Asia,41.5,2025
354,Quaid-i-azam University,quaid-i-azam-university,Pakistan,نور پورشاہاں,Asia,41.3,2025
355,Nankai University,nankai-university,China (Mainland),南开区,Other,41.2,2025
355,National Technical University of Athens,national-technical-university-of-athens,Greece,Δήμος Ζωγράφου,Europe,41.2,2025
355,Università degli Studi di Roma - Tor Vergata,universita-degli-studi-di-roma-tor-vergata,Italy,Rome,Europe,41.2,2025
358,George Washington University,george-washington-university,United States of America,City of New York,Other,41.1,2025
358,Mahidol University,mahidol-university,Thailand,ศาลายา,Asia,41.1,2025
358,University of Victoria,university-of-victoria,Canada,Victoria,North America,41.1,2025
358,Virginia Polytechnic Institute (Virginia Tech),virginia-polytechnic-institute-virginia-tech,United States of America,Blacksburg,Other,41.1,2025
362,University of Chinese Academy of Sciences (UCAS),university-of-chinese-academy-of-sciences-ucas,China (Mainland),北京市,Other,40.9,2025
362,University of Pretoria,university-of-pretoria,South Africa,Pretoria,Africa,40.9,2025
362,University of Tartu,university-of-tartu,Estonia,Tartu linn,Other,40.9,2025
362,University of the Philippines,university-of-the-philippines,Philippines,Calauan,Asia,40.9,2025
366,University of Turku,university-of-turku,Finland,Turku,Europe,40.6,2025
367,RUDN University,rudn-university,Russian Federation,Москва,Other,40.5,2025
367,Sciences Po Paris,sciences-po-paris,France,Paris,Europe,40.5,2025
367,Universiti Brunei Darussalam (UBD),universiti-brunei-darussalam-ubd,Brunei Darussalam,Tungku,Other,40.5,2025
370,Daegu Gyeongbuk Institute of Science and Technology (DGIST),daegu-gyeongbuk-institute-of-science-and-technology-dgist,Republic of Korea,Daegu,Other,40.4,2025
371,Bogazici University,bogazici-university,Türkiye,Düzce Merkez,Other,40.3,2025
371,National University of Sciences And Technology (NUST) Islamabad,national-university-of-sciences-and-technology-nust-islamabad,Pakistan,Islamabad,Asia,40.3,2025
371,Pontificia Universidad Javeriana,pontificia-universidad-javeriana,Colombia,Bogotá,Latin America,40.3,2025
374,Oxford Brookes University,oxford-brookes-university,United Kingdom,Oxford,Europe,40,2025
375,Saint Petersburg State University,saint-petersburg-state-university,Russian Federation,Санкт-Петербург,Other,39.9,2025
375,Sharif University of Technology,sharif-university-of-technology,Iran (Islamic Republic of),ملتان,Other,39.9,2025
377,South China University of Technology,south-china-university-of-technology,China (Mainland),天河区,Other,39.8,2025
378,University of Saskatchewan,university-of-saskatchewan,Canada,Saskatoon,North America,39.6,2025
379,University of Liege,university-of-liege,Belgium,Liège,Europe,39.5,2025
379,University of Naples - Federico II,university-of-naples-federico-ii,Italy,Napoli,Europe,39.5,2025
381,The American University in Cairo,the-american-university-in-cairo,Egypt,القاهرة,Africa,39.4,2025
381,University of East Anglia (UEA),university-of-east-anglia-uea,United Kingdom,Sunderland,Europe,39.4,2025
381,University of Luxembourg,university-of-luxembourg,Luxembourg,Esch-sur-Alzette,Other,39.4,2025
384,Northeastern University,northeastern-university,United States of America,Boston,Other,39.3,2025
385,Brunel University of London,brunel-university-of-london,United Kingdom,London,Europe,39.1,2025
385,Gwangju Institute of Science and Technology (GIST),gwangju-institute-of-science-and-technology-gist,Republic of Korea,광주광역시,Other,39.1,2025
387,Flinders University,flinders-university,Australia,Flinders Shire,Oceania,39,2025
388,Beihang University (former BUAA),beihang-university-former-buaa,China (Mainland),海淀区,Other,38.5,2025
388,"Birkbeck College, University of London",birkbeck-college-university-of-london,United Kingdom,London,Europe,38.5,2025
390,National and Kapodistrian University of Athens,national-and-kapodistrian-university-of-athens,Greece,Δήμος Ζωγράφου,Europe,38.4,2025
391,Abu Dhabi University,abu-dhabi-university,United Arab Emirates,أبو ظبي,Asia,38.3,2025
392,Sejong University,sejong-university,Republic of Korea,세종특별자치시,Other,38.2,2025
392,"Southeast University, China",southeast-university-china,China (Mainland),Nanjing,Other,38.2,2025
392,Universitat Politècnica de Catalunya,universitat-politecnica-de-catalunya,Spain,Vilanova i la Geltrú,Europe,38.2,2025
395,Aston University,aston-university,United Kingdom,Birmingham,Europe,38.1,2025
395,Ruhr-Universität Bochum,ruhr-universitat-bochum,Germany,Bochum,Europe,38.1,2025
397,Lappeenranta-Lahti University of Technology LUT,lappeenranta-lahti-university-of-technology-lut,Finland,Lappeenranta,Europe,37.7,2025
397,University of Kent,university-of-kent,United Kingdom,University,Europe,37.7,2025
399,IPB University (aka Bogor Agricultural University),ipb-university-aka-bogor-agricultural-university,Indonesia,Kab Bogor,Asia,37.6,2025
400,Western Sydney University,western-sydney-university,Australia,Sydney,Oceania,37.5,2025
401,Umeå University,umea-university,Sweden,Umeå,Europe,37.4,2025
401,University of Granada,university-of-granada,Spain,Granada,Europe,37.4,2025
401,University of Limerick,university-of-limerick,Ireland,Limerick,Europe,37.4,2025
404,Sabanci University,sabanci-university,Türkiye,Siverek,Other,37.2,2025
404,University of Florence,university-of-florence,Italy,Firenze,Europe,37.2,2025
406,Institut National des Sciences Appliquées de Lyon (INSA),institut-national-des-sciences-appliquees-de-lyon-insa,France,Villeurbanne,Europe,37.1,2025
407,Lincoln University,lincoln-university,New Zealand,Lincoln,Oceania,37,2025
408,University of Turin,university-of-turin,Italy,Torino,Europe,36.9,2025
409,Università  Cattolica del Sacro Cuore,universita-cattolica-del-sacro-cuore,Italy,Milano,Europe,36.8,2025
410,Auckland University of Technology,auckland-university-of-technology,New Zealand,Waitematā,Oceania,36.7,2025
410,Dublin City University,dublin-city-university,Ireland,Dublin,Europe,36.7,2025
410,Sunway University,sunway-university,Malaysia,Majlis Bandaraya Subang Jaya,Asia,36.7,2025
410,University at Buffalo SUNY,university-at-buffalo-suny,United States of America,Buffalo,Other,36.7,2025
410,University of Southern Queensland,university-of-southern-queensland,Australia,Warwick,Oceania,36.7,2025
415,Bilkent University,bilkent-university,Türkiye,Çankaya,Other,36.6,2025
416,Czech Technical University In Prague,czech-technical-university-in-prague,Czechia,Hlavní město Praha,Other,36.5,2025
416,Julius-Maximilians-Universität Würzburg,julius-maximilians-universitat-wurzburg,Germany,Würzburg,Europe,36.5,2025
416,Universität Mannheim,universitat-mannheim,Germany,Mannheim,Europe,36.5,2025
419,University of Aveiro,university-of-aveiro,Portugal,Aveiro,Europe,36.4,2025
420,National Taipei University of Technology,national-taipei-university-of-technology,Taiwan,臺北市,Asia,36.3,2025
420,Université de Strasbourg,universite-de-strasbourg,France,Strasbourg,Europe,36.3,2025
422,Universitat Politecnica de Valencia,universitat-politecnica-de-valencia,Spain,València,Europe,36.2,2025
423,Tampere University,tampere-university,Finland,Tampere,Europe,36.1,2025
423,Università  degli Studi di Pavia,universita-degli-studi-di-pavia,Italy,Pavia,Europe,36.1,2025
423,Washington State University,washington-state-university,United States of America,Pullman,Other,36.1,2025
423,Murdoch University,murdoch-university,Australia,City of Melville,Oceania,36.1,2025
427,Graz University of Technology,graz-university-of-technology,Austria,Graz,Europe,36,2025
428,Aix-Marseille University,aix-marseille-university,France,Marseille,Europe,35.9,2025
428,University of Dundee,university-of-dundee,United Kingdom,Dundee,Europe,35.9,2025
430,Masaryk University,masaryk-university,Czechia,Ostrava,Other,35.7,2025
430,Universitat de Valencia,universitat-de-valencia,Spain,València,Europe,35.7,2025
430,Université de Montpellier,universite-de-montpellier,France,Montpellier,Europe,35.7,2025
433,East China Normal University,east-china-normal-university,China (Mainland),普陀区,Other,35.6,2025
433,Leibniz Universität Hannover,leibniz-universitat-hannover,Germany,Hannover,Europe,35.6,2025
435,National Taiwan Normal University,national-taiwan-normal-university,Taiwan,臺北市,Asia,35.4,2025
436,Prince Mohammad Bin Fahd University,prince-mohammad-bin-fahd-university,Saudi Arabia,الدمام,Asia,35.2,2025
436,Universitat Ramon Llull,universitat-ramon-llull,Spain,Barcelona,Europe,35.2,2025
438,IE University,ie-university,Spain,Segovia,Europe,35.1,2025
439,National Sun Yat-sen University,national-sun-yat-sen-university,Taiwan,新北市,Asia,35,2025
440,Ajman University,ajman-university,United Arab Emirates,عجمان,Asia,34.9,2025
440,James Cook University,james-cook-university,Australia,Sydney,Oceania,34.9,2025
440,Macau University of Science and Technology,macau-university-of-science-and-technology,"Macao SAR, China",澳門 Macau,Other,34.9,2025
440,"National Research University Higher School of Economics (HSE, Moscow)",national-research-university-higher-school-of-economics-hse-moscow,Russian Federation,Moscow,Other,34.9,2025
440,Universität Konstanz,universitat-konstanz,Germany,Konstanz,Europe,34.9,2025
440,"University of California, Riverside",university-of-california-riverside,United States of America,Riverside,Other,34.9,2025
446,Vilnius University,vilnius-university,Lithuania,Vilnius,Other,34.8,2025
447,Belarusian State University,belarusian-state-university,Belarus,Мінск,Other,34.6,2025
448,Universität Bayreuth,universitat-bayreuth,Germany,Bayreuth,Europe,34.5,2025
449,Iowa State University,iowa-state-university,United States of America,Maquoketa,Other,34.4,2025
450,Kazan Federal University,kazan-federal-university,Russian Federation,Казань,Other,34.3,2025
450,"Universidade Estadual Paulista ""Júlio de Mesquita Filho"" (UNESP)",universidade-estadual-paulista-julio-de-mesquita-filho-unesp,Brazil,São Paulo,Latin America,34.3,2025
452,Johannes Gutenberg Universität Mainz,johannes-gutenberg-universitat-mainz,Germany,Mainz,Europe,34.2,2025
452,Shenzhen University,shenzhen-university,China (Mainland),南山区,Other,34.2,2025
452,Stony Brook University,stony-brook-university,United States of America,Stony Brook,Other,34.2,2025
452,University of Cyprus,university-of-cyprus,Cyprus,Λεμεσός,Other,34.2,2025
456,Amirkabir University of Technology,amirkabir-university-of-technology,Iran (Islamic Republic of),شهر تهران,Other,34.1,2025
456,University of Essex,university-of-essex,United Kingdom,Essex,Europe,34.1,2025
458,Colorado State University,colorado-state-university,United States of America,Fort Collins,Other,34,2025
458,Universidad Nacional de La Plata,universidad-nacional-de-la-plata,Argentina,La Plata,Latin America,34,2025
458,"University of California, Santa Cruz",university-of-california-santa-cruz,United States of America,Live Oak,Other,34,2025
461,Jordan University of Science & Technology,jordan-university-of-science-technology,Jordan,الصريح,Other,33.9,2025
461,Novosibirsk State University,novosibirsk-state-university,Russian Federation,городской округ Новосибирск,Other,33.9,2025
461,Royal Holloway University of London,royal-holloway-university-of-london,United Kingdom,London,Europe,33.9,2025
461,Università Vita-Salute San Raffaele,universita-vita-salute-san-raffaele,Italy,Milano,Europe,33.9,2025
465,Anna University,anna-university,India,Chennai Corporation,Asia,33.8,2025
465,Concordia University,concordia-university,Canada,Montréal,North America,33.8,2025
465,Shanghai University,shanghai-university,China (Mainland),宝山区,Other,33.8,2025
465,University of Kansas,university-of-kansas,United States of America,Lawrence,Other,33.8,2025
469,Ben Gurion University of The Negev,ben-gurion-university-of-the-negev,Israel,באר שבע,Asia,33.7,2025
469,Laval University,laval-university,Canada,Laval (région administrative),North America,33.7,2025
469,Tashkent Institute of Irrigation and Agricultural Mechanization Engineers - National Research University (TIIAME-NRU),tashkent-institute-of-irrigation-and-agricultural-mechanization-engineers-national-research-university-tiiame-nru,Uzbekistan,Toshkent,Other,33.7,2025
469,Universidad de Sevilla,universidad-de-sevilla,Spain,Sevilla,Europe,33.7,2025
473,Jilin University,jilin-university,China (Mainland),长春市,Other,33.5,2025
473,Johannes Kepler University Linz,johannes-kepler-university-linz,Austria,Linz,Europe,33.5,2025
473,Pusan National University,pusan-national-university,Republic of Korea,부산광역시,Other,33.5,2025
473,Università della Svizzera Italiana,universita-della-svizzera-italiana,Switzerland,Lugano,Europe,33.5,2025
477,Moscow Institute of Physics and Technology State University,moscow-institute-of-physics-and-technology-state-university,Russian Federation,Moscow,Other,33.4,2025
477,Universität Potsdam,universitat-potsdam,Germany,Potsdam,Europe,33.4,2025
479,Chung-Ang University,chung-ang-university,Republic of Korea,서울특별시,Other,33.3,2025
480,Hiroshima University,hiroshima-university,Japan,広島市,Asia,33.2,2025
480,University of Science and Technology Beijing,university-of-science-and-technology-beijing,China (Mainland),Beijing,Other,33.2,2025
482,Dalian University of Technology,dalian-university-of-technology,China (Mainland),甘井子区,Other,33,2025
482,Duy Tan University,duy-tan-university,Viet Nam,Phường Duy Tân,Other,33,2025
482,Kobe University,kobe-university,Japan,神戸市,Asia,33,2025
485,Aristotle University of Thessaloniki,aristotle-university-of-thessaloniki,Greece,Θεσσαλονίκη,Europe,32.9,2025
485,University of Trento,university-of-trento,Italy,Provincia di Trento,Europe,32.9,2025
487,Edith Cowan University,edith-cowan-university,Australia,City of Perth,Oceania,32.8,2025
487,Technische Universität Bergakademie Freiberg,technische-universitat-bergakademie-freiberg,Germany,Freiberg,Europe,32.8,2025
487,Warsaw University of Technology,warsaw-university-of-technology,Poland,Warszawa,Europe,32.8,2025
490,Universidad de Santiago de Chile - USACH,universidad-de-santiago-de-chile-usach,Chile,Santiago,Latin America,32.7,2025
491,Central South University,central-south-university,China (Mainland),天心区,Other,32.6,2025
491,Imam Abdulrahman Bin Faisal University (formerly University of Dammam),imam-abdulrahman-bin-faisal-university-formerly-university-of-dammam,Saudi Arabia,الظهران,Asia,32.6,2025
491,Universiti Utara Malaysia (UUM),universiti-utara-malaysia-uum,Malaysia,Sintok,Asia,32.6,2025
494,Université de Bordeaux,universite-de-bordeaux,France,Talence,Europe,32.5,2025
494,University of Canberra,university-of-canberra,Australia,Canberra,Oceania,32.5,2025
496,Iran University of Science and Technology,iran-university-of-science-and-technology,Iran (Islamic Republic of),شهر تهران,Other,32.4,2025
496,Justus-Liebig-Universität Gießen,justus-liebig-universitat-giessen,Germany,Gießen,Europe,32.4,2025
498,University of Jyväskylä,university-of-jyvaskyla,Finland,Jyväskylä,Europe,32.3,2025
499,Central Queensland University Australia (CQUniversity),central-queensland-university-australia-cquniversity,Australia,Adelaide,Oceania,32.2,2025
499,Northwestern Polytechnical University,northwestern-polytechnical-university,China (Mainland),碑林区,Other,32.2,2025
499,Tomsk State University,tomsk-state-university,Russian Federation,Томск,Other,32.2,2025
499,Universidad de Costa Rica,universidad-de-costa-rica,Costa Rica,San Pedro,Other,32.2,2025
503,Shoolini University of Biotechnology and Management Sciences,shoolini-university-of-biotechnology-and-management-sciences,India,Solan,Asia,32.1,2025
504,China Agricultural University,china-agricultural-university,China (Mainland),海淀区,Other,32,2025
504,Chongqing University,chongqing-university,China (Mainland),沙坪坝区,Other,32,2025
504,Ewha Womans University,ewha-womans-university,Republic of Korea,서울특별시,Other,32,2025
504,Hunan University,hunan-university,China (Mainland),长沙市,Other,32,2025
504,University of Guelph,university-of-guelph,Canada,Guelph,North America,32,2025
509,China Medical University,china-medical-university,Taiwan,臺中市,Asia,31.9,2025
509,Institut Teknologi Sepuluh Nopember (ITS),institut-teknologi-sepuluh-nopember-its,Indonesia,Surabaya,Asia,31.9,2025
509,INTI International University,inti-international-university,Malaysia,Subang Jaya,Asia,31.9,2025
511,SOAS University of London,soas-university-of-london,United Kingdom,London,Europe,31.6,2025
511,University of Bradford,university-of-bradford,United Kingdom,Bradford,Europe,31.6,2025
511,Ateneo de Manila University,ateneo-de-manila-university,Philippines,Quezon City,Asia,31.6,2025
511,Singapore Management University,singapore-management-university,Singapore,Singapore,Asia,31.6,2025
515,Lebanese University,lebanese-university,Lebanon,برج البراجنة,Other,31.5,2025
515,Universitas Padjadjaran (UNPAD),universitas-padjadjaran-unpad,Indonesia,Kota Bandung,Asia,31.5,2025
517,Pontificia Universidad Católica Argentina Santa María de los Buenos Aires - UCA,pontificia-universidad-catolica-argentina-santa-maria-de-los-buenos-aires-uca,Argentina,Buenos Aires,Latin America,31.4,2025
517,University of Stirling,university-of-stirling,United Kingdom,Stirling,Europe,31.4,2025
519,Kyungpook National University,kyungpook-national-university,Republic of Korea,대구광역시,Other,31.3,2025
519,Singapore University of Technology and Design,singapore-university-of-technology-and-design,Singapore,Singapore,Asia,31.3,2025
519,Universidad Austral - Argentina,universidad-austral-argentina,Argentina,Buenos Aires,Latin America,31.3,2025
519,University of Electronic Science and Technology of China,university-of-electronic-science-and-technology-of-china,China (Mainland),Chengdu,Other,31.3,2025
519,Ural Federal University,ural-federal-university,Russian Federation,Челябинск,Other,31.3,2025
524,University of Huddersfield,university-of-huddersfield,United Kingdom,Kirklees,Europe,31.2,2025
525,The University of Georgia,the-university-of-georgia,United States of America,Atlanta,Other,31.1,2025
526,Boston College,boston-college,United States of America,Newton,Other,30.9,2025
526,Chiang Mai University,chiang-mai-university,Thailand,เทศบาลนครเชียงใหม่,Asia,30.9,2025
526,University of Hull,university-of-hull,United Kingdom,Kingston upon Hull,Europe,30.9,2025
526,University of Salamanca,university-of-salamanca,Spain,Salamanca,Europe,30.9,2025
530,The Education University of Hong Kong,the-education-university-of-hong-kong,"Hong Kong SAR, China",大埔區 Tai Po District,Other,30.8,2025
530,Universität Bremen,universitat-bremen,Germany,Bremen,Europe,30.8,2025
530,University of Genoa,university-of-genoa,Italy,Genova,Europe,30.8,2025
530,University of Iowa,university-of-iowa,United States of America,Iowa City,Other,30.8,2025
534,University of Connecticut,university-of-connecticut,United States of America,Mansfield,Other,30.7,2025
535,King Khalid University,king-khalid-university,Saudi Arabia,السويداء,Asia,30.6,2025
535,Lebanese American University,lebanese-american-university,Lebanon,بيروت,Other,30.6,2025
535,Prince Sultan University,prince-sultan-university,Saudi Arabia,الفيصلية,Asia,30.6,2025
535,Universität Leipzig,universitat-leipzig,Germany,Leipzig,Europe,30.6,2025
535,University of Ljubljana,university-of-ljubljana,Slovenia,Ljubljana,Other,30.6,2025
540,Jinan University (China),jinan-university-china,China (Mainland),香洲区,Other,30.5,2025
540,University of Utah,university-of-utah,United States of America,Salt Lake City,Other,30.5,2025
542,University of the Punjab,university-of-the-punjab,Pakistan,راولپنڈی,Asia,30.3,2025
542,Ain Shams University,ain-shams-university,Egypt,القاهرة,Africa,30.3,2025
542,Universiti Teknologi MARA - UiTM,universiti-teknologi-mara-uitm,Malaysia,Shah Alam,Asia,30.3,2025
542,University of Milano-Bicocca,university-of-milano-bicocca,Italy,Milano,Europe,30.3,2025
546,Universität Ulm,universitat-ulm,Germany,Ulm,Europe,30.2,2025
546,University of Hawaii at Mañoa,university-of-hawaii-at-manoa,United States of America,East Honolulu,Other,30.2,2025
546,University of Windsor,university-of-windsor,Canada,Windsor,North America,30.2,2025
549,Florida State University,florida-state-university,United States of America,Gainesville,Other,30.1,2025
550,Northumbria University at Newcastle,northumbria-university-at-newcastle,United Kingdom,Newcastle upon Tyne,Europe,30,2025
551,Thammasat University,thammasat-university,Thailand,กรุงเทพมหานคร,Asia,29.9,2025
551,Universiti Tenaga Nasional (UNITEN),universiti-tenaga-nasional-uniten,Malaysia,Sepang,Asia,29.9,2025
553,Hitotsubashi University,hitotsubashi-university,Japan,千代田区,Asia,29.8,2025
553,University of Delaware,university-of-delaware,United States of America,Newark,Other,29.8,2025
555,Lahore University of Management Sciences (LUMS),lahore-university-of-management-sciences-lums,Pakistan,Chung Khurad,Asia,29.7,2025
556,Indian Institute of Technology Indore,indian-institute-of-technology-indore,India,Mhow Tahsil,Asia,29.6,2025
556,University of Houston,university-of-houston,United States of America,Houston,Other,29.6,2025
558,Al Ain University,al-ain-university,United Arab Emirates,العين,Asia,29.5,2025
558,Coventry University,coventry-university,United Kingdom,Coventry,Europe,29.5,2025
558,Jawaharlal Nehru University,jawaharlal-nehru-university,India,St. Thomas Mount Cantonment,Asia,29.5,2025
558,Sogang University,sogang-university,Republic of Korea,서울특별시,Other,29.5,2025
558,University of Kwazulu-Natal,university-of-kwazulu-natal,South Africa,Durban,Africa,29.5,2025
563,Ajou University,ajou-university,Republic of Korea,수원시,Other,29.4,2025
563,American University of the Middle East,american-university-of-the-middle-east,Kuwait,العقيلة,Other,29.4,2025
563,University of Debrecen,university-of-debrecen,Hungary,Debrecen,Other,29.4,2025
566,Renmin (People’s) University of China,renmin-peoples-university-of-china,China (Mainland),越秀区,Other,29.3,2025
566,Savitribai Phule Pune University,savitribai-phule-pune-university,India,Pune City,Asia,29.3,2025
566,University of Minho,university-of-minho,Portugal,Vila Verde,Europe,29.3,2025
566,Bangor University,bangor-university,United Kingdom,Bangor,Europe,29.3,2025
566,Indian Institute of Technology BHU Varanasi (IIT BHU Varanasi),indian-institute-of-technology-bhu-varanasi-iit-bhu-varanasi,India,Varanasi,Asia,29.3,2025
571,Colorado School of Mines,colorado-school-of-mines,United States of America,Golden,Other,29.2,2025
571,Hacettepe University,hacettepe-university,Türkiye,Altındağ,Other,29.2,2025
571,Isfahan University of Technology,isfahan-university-of-technology,Iran (Islamic Republic of),خمینی شهر,Other,29.2,2025
571,Pontificia Universidade Católica do Rio de Janeiro (PUC - Rio),pontificia-universidade-catolica-do-rio-de-janeiro-puc-rio,Brazil,Rio de Janeiro,Latin America,29.2,2025
575,Brno University of Technology,brno-university-of-technology,Czechia,Brno,Other,29.1,2025
575,Chandigarh University,chandigarh-university,India,Chandigarh,Asia,29.1,2025
575,Universität Jena,universitat-jena,Germany,Jena,Europe,29.1,2025
578,Universidad Adolfo Ibáñez,universidad-adolfo-ibanez,Chile,Provincia de Santiago,Latin America,29,2025
578,Universiti Teknologi Brunei,universiti-teknologi-brunei,Brunei Darussalam,Tungku,Other,29,2025
578,University of Tabriz,university-of-tabriz,Iran (Islamic Republic of),شهر تبریز,Other,29,2025
581,Universidad Pontificia Comillas,universidad-pontificia-comillas,Spain,Madrid,Europe,28.9,2025
582,Florida International University,florida-international-university,United States of America,Miami,Other,28.8,2025
582,University of Iceland,university-of-iceland,Iceland,Reykjavíkurborg,Other,28.8,2025
584,Charles Darwin University,charles-darwin-university,Australia,Darwin,Oceania,28.7,2025
584,Eotvos Lorand University,eotvos-lorand-university,Hungary,Budapest,Other,28.7,2025
584,University of Dhaka,university-of-dhaka,Bangladesh,ঢাকা,Asia,28.7,2025
587,American University,american-university,United States of America,Washington,Other,28.6,2025
587,National Central University,national-central-university,Taiwan,桃園市,Asia,28.6,2025
587,Université Claude Bernard Lyon 1,universite-claude-bernard-lyon-1,France,Saoû,Europe,28.6,2025
587,Université Paul Sabatier Toulouse III,universite-paul-sabatier-toulouse-iii,France,Toulouse,Europe,28.6,2025
591,American University of Ras Al Khaimah ( AURAK ),american-university-of-ras-al-khaimah-aurak,United Arab Emirates,رأس الخيمة,Asia,28.5,2025
591,Bond University,bond-university,Australia,Sydney,Oceania,28.5,2025
591,Illinois Institute of Technology,illinois-institute-of-technology,United States of America,Chicago,Other,28.5,2025
591,National Research Nuclear University MEPhI (Moscow Engineering Physics Institute),national-research-nuclear-university-mephi-moscow-engineering-physics-institute,Russian Federation,Москва,Other,28.5,2025
595,Universidade Federal de Minas Gerais,universidade-federal-de-minas-gerais,Brazil,São João del-Rei,Latin America,28.4,2025
595,Zayed University,zayed-university,United Arab Emirates,أبو ظبي,Asia,28.4,2025
597,Asia Pacific University of Technology and Innovation (APU) Malaysia,asia-pacific-university-of-technology-and-innovation-apu-malaysia,Malaysia,Kuala Lumpur,Asia,28.3,2025
597,Hasselt University,hasselt-university,Belgium,Hasselt,Europe,28.3,2025
597,Management and Science University - MSU Malaysia,management-and-science-university-msu-malaysia,Malaysia,Shah Alam,Asia,28.3,2025
